{
  "index.html": 1772158890.9148726,
  "package.json": 1772158890.9168746,
  "postcss.config.js": 1772158890.9168746,
  "src/App.vue": 1772160322.774065,
  "src/components/BottomNavigation.vue": 1772158890.918539,
  "src/components/CategoryChips.vue": 1772158890.918539,
  "src/components/ListingCard.vue": 1772158890.9195285,
  "src/composables/useVisibilityRefetch.ts": 1772158890.9195285,
  "src/lib/supabaseClient.ts": 1772160300.8861327,
  "src/main.ts": 1772158890.9205294,
  "src/router/index.ts": 1772158890.9215288,
  "src/services/favorites.ts": 1772158890.9215288,
  "src/services/listings.ts": 1772158890.9215288,
  "src/stores/auth.ts": 1772158890.9225297,
  "src/style.css": 1772158890.9225297,
  "src/views/Admin.vue": 1772158890.923535,
  "src/views/EditListing.vue": 1772158890.9245276,
  "src/views/Favorites.vue": 1772158890.9245276,
  "src/views/Home.vue": 1772159493.8028352,
  "src/views/ListingDetail.vue": 1772158890.925527,
  "src/views/Login.vue": 1772158890.925527,
  "src/views/MyListings.vue": 1772158890.9265282,
  "src/views/NewListing.vue": 1772158890.9265282,
  "src/views/Profile.vue": 1772158890.9275274,
  "src/views/ResetPassword.vue": 1772158890.9275274,
  "src/views/Search.vue": 1772158890.9275274,
  "tailwind.config.js": 1772158890.931527,
  "tsconfig.app.json": 1772158890.931527,
  "tsconfig.json": 1772158890.9325275,
  "tsconfig.node.json": 1772158890.9325275,
  "vercel.json": 1772158890.9325275,
  "vite.config.ts": 1772158890.9325275
}